{
  "schema_version": 1,
  "map": {
    "width": 700,
    "height": 700,
    "n_regions": 36,
    "outside_id": -1
  },
  "edges": [
    {
      "a": 0,
      "b": 5,
      "border_px": 58,
      "dir_contact": {
        "0": {
          "n": 14,
          "e": 0,
          "s": 0,
          "w": 15
        },
        "5": {
          "n": 0,
          "e": 15,
          "s": 14,
          "w": 0
        }
      },
      "centroid_delta": {
        "dx_b_minus_a": -256.5985851757649,
        "dy_b_minus_a": 40.52854879184997
      }
    },
    {
      "a": 0,
      "b": 20,
      "border_px": 160,
      "dir_contact": {
        "0": {
          "n": 24,
          "e": 16,
          "s": 24,
          "w": 16
        },
        "20": {
          "n": 24,
          "e": 16,
          "s": 24,
          "w": 16
        }
      },
      "centroid_delta": {
        "dx_b_minus_a": 157.16576212322775,
        "dy_b_minus_a": 96.23457539174365
      }
    },
    {
      "a": 0,
      "b": 26,
      "border_px": 58,
      "dir_contact": {
        "0": {
          "n": 11,
          "e": 6,
          "s": 6,
          "w": 6
        },
        "26": {
          "n": 6,
          "e": 6,
          "s": 11,
          "w": 6
        }
      },
      "centroid_delta": {
        "dx_b_minus_a": 129.2135290461644,
        "dy_b_minus_a": 0.5813636423744697
      }
    },
    {
      "a": 0,
      "b": 27,
      "border_px": 134,
      "dir_contact": {
        "0": {
          "n": 14,
          "e": 20,
          "s": 28,
          "w": 5
        },
        "27": {
          "n": 28,
          "e": 5,
          "s": 14,
          "w": 20
        }
      },
      "centroid_delta": {
        "dx_b_minus_a": -188.47935093064433,
        "dy_b_minus_a": 74.61605058103481
      }
    },
    {
      "a": 0,
      "b": 29,
      "border_px": 32,
      "dir_contact": {
        "0": {
          "n": 4,
          "e": 4,
          "s": 4,
          "w": 4
        },
        "29": {
          "n": 4,
          "e": 4,
          "s": 4,
          "w": 4
        }
      },
      "centroid_delta": {
        "dx_b_minus_a": 311.698034004622,
        "dy_b_minus_a": -52.70854242324202
      }
    },
    {
      "a": 0,
      "b": 31,
      "border_px": 44,
      "dir_contact": {
        "0": {
          "n": 8,
          "e": 7,
          "s": 5,
          "w": 2
        },
        "31": {
          "n": 5,
          "e": 2,
          "s": 8,
          "w": 7
        }
      },
      "centroid_delta": {
        "dx_b_minus_a": 270.948396446235,
        "dy_b_minus_a": 2.230119811788711
      }
    },
    {
      "a": 0,
      "b": 32,
      "border_px": 64,
      "dir_contact": {
        "0": {
          "n": 6,
          "e": 10,
          "s": 6,
          "w": 10
        },
        "32": {
          "n": 6,
          "e": 10,
          "s": 6,
          "w": 10
        }
      },
      "centroid_delta": {
        "dx_b_minus_a": 129.47029526912053,
        "dy_b_minus_a": -94.83930736362996
      }
    },
    {
      "a": 0,
      "b": 35,
      "border_px": 26,
      "dir_contact": {
        "0": {
          "n": 0,
          "e": 0,
          "s": 8,
          "w": 5
        },
        "35": {
          "n": 8,
          "e": 5,
          "s": 0,
          "w": 0
        }
      },
      "centroid_delta": {
        "dx_b_minus_a": 137.3507992658101,
        "dy_b_minus_a": 50.58241281495077
      }
    },
    {
      "a": 1,
      "b": 5,
      "border_px": 278,
      "dir_contact": {
        "1": {
          "n": 2,
          "e": 77,
          "s": 60,
          "w": 0
        },
        "5": {
          "n": 60,
          "e": 0,
          "s": 2,
          "w": 77
        }
      },
      "centroid_delta": {
        "dx_b_minus_a": 36.33809800777745,
        "dy_b_minus_a": 160.5120979836622
      }
    },
    {
      "a": 1,
      "b": 30,
      "border_px": 458,
      "dir_contact": {
        "1": {
          "n": 56,
          "e": 173,
          "s": 0,
          "w": 0
        },
        "30": {
          "n": 0,
          "e": 0,
          "s": 56,
          "w": 173
        }
      },
      "centroid_delta": {
        "dx_b_minus_a": 294.5233349858463,
        "dy_b_minus_a": -60.56180589463686
      }
    },
    {
      "a": 2,
      "b": 11,
      "border_px": 424,
      "dir_contact": {
        "2": {
          "n": 67,
          "e": 39,
          "s": 67,
          "w": 39
        },
        "11": {
          "n": 67,
          "e": 39,
          "s": 67,
          "w": 39
        }
      },
      "centroid_delta": {
        "dx_b_minus_a": 7.597234120866119,
        "dy_b_minus_a": 23.307731399458817
      }
    },
    {
      "a": 3,
      "b": 4,
      "border_px": 106,
      "dir_contact": {
        "3": {
          "n": 0,
          "e": 20,
          "s": 33,
          "w": 0
        },
        "4": {
          "n": 33,
          "e": 0,
          "s": 0,
          "w": 20
        }
      },
      "centroid_delta": {
        "dx_b_minus_a": -18.55473569388971,
        "dy_b_minus_a": 186.56046387348965
      }
    },
    {
      "a": 3,
      "b": 9,
      "border_px": 370,
      "dir_contact": {
        "3": {
          "n": 65,
          "e": 14,
          "s": 22,
          "w": 84
        },
        "9": {
          "n": 22,
          "e": 84,
          "s": 65,
          "w": 14
        }
      },
      "centroid_delta": {
        "dx_b_minus_a": -28.252510921873863,
        "dy_b_minus_a": -36.56739651367792
      }
    },
    {
      "a": 3,
      "b": 12,
      "border_px": 158,
      "dir_contact": {
        "3": {
          "n": 59,
          "e": 12,
          "s": 0,
          "w": 8
        },
        "12": {
          "n": 0,
          "e": 8,
          "s": 59,
          "w": 12
        }
      },
      "centroid_delta": {
        "dx_b_minus_a": 1.811663896602795,
        "dy_b_minus_a": -244.67564291845514
      }
    },
    {
      "a": 3,
      "b": 20,
      "border_px": 44,
      "dir_contact": {
        "3": {
          "n": 4,
          "e": 0,
          "s": 2,
          "w": 16
        },
        "20": {
          "n": 2,
          "e": 16,
          "s": 4,
          "w": 0
        }
      },
      "centroid_delta": {
        "dx_b_minus_a": -194.63618790972095,
        "dy_b_minus_a": -22.10083452117442
      }
    },
    {
      "a": 3,
      "b": 23,
      "border_px": 488,
      "dir_contact": {
        "3": {
          "n": 14,
          "e": 18,
          "s": 79,
          "w": 133
        },
        "23": {
          "n": 79,
          "e": 133,
          "s": 14,
          "w": 18
        }
      },
      "centroid_delta": {
        "dx_b_minus_a": -103.27954870056442,
        "dy_b_minus_a": 37.013224185891204
      }
    },
    {
      "a": 3,
      "b": 29,
      "border_px": 62,
      "dir_contact": {
        "3": {
          "n": 8,
          "e": 0,
          "s": 6,
          "w": 17
        },
        "29": {
          "n": 6,
          "e": 17,
          "s": 8,
          "w": 0
        }
      },
      "centroid_delta": {
        "dx_b_minus_a": -40.103916028326694,
        "dy_b_minus_a": -171.0439523361601
      }
    },
    {
      "a": 3,
      "b": 31,
      "border_px": 146,
      "dir_contact": {
        "3": {
          "n": 8,
          "e": 0,
          "s": 16,
          "w": 49
        },
        "31": {
          "n": 16,
          "e": 49,
          "s": 8,
          "w": 0
        }
      },
      "centroid_delta": {
        "dx_b_minus_a": -80.8535535867137,
        "dy_b_minus_a": -116.10529010112936
      }
    },
    {
      "a": 4,
      "b": 7,
      "border_px": 750,
      "dir_contact": {
        "4": {
          "n": 47,
          "e": 136,
          "s": 176,
          "w": 16
        },
        "7": {
          "n": 176,
          "e": 16,
          "s": 47,
          "w": 136
        }
      },
      "centroid_delta": {
        "dx_b_minus_a": 8.943844514893044,
        "dy_b_minus_a": 87.0899489002029
      }
    },
    {
      "a": 4,
      "b": 13,
      "border_px": 24,
      "dir_contact": {
        "4": {
          "n": 4,
          "e": 0,
          "s": 0,
          "w": 8
        },
        "13": {
          "n": 0,
          "e": 8,
          "s": 4,
          "w": 0
        }
      },
      "centroid_delta": {
        "dx_b_minus_a": -173.61831463117193,
        "dy_b_minus_a": 120.25520703150858
      }
    },
    {
      "a": 4,
      "b": 19,
      "border_px": 714,
      "dir_contact": {
        "4": {
          "n": 86,
          "e": 17,
          "s": 80,
          "w": 174
        },
        "19": {
          "n": 80,
          "e": 174,
          "s": 86,
          "w": 17
        }
      },
      "centroid_delta": {
        "dx_b_minus_a": -95.95643436766522,
        "dy_b_minus_a": 47.13193911403948
      }
    },
    {
      "a": 4,
      "b": 23,
      "border_px": 20,
      "dir_contact": {
        "4": {
          "n": 5,
          "e": 0,
          "s": 1,
          "w": 4
        },
        "23": {
          "n": 1,
          "e": 4,
          "s": 5,
          "w": 0
        }
      },
      "centroid_delta": {
        "dx_b_minus_a": -84.72481300667471,
        "dy_b_minus_a": -149.54723968759845
      }
    },
    {
      "a": 4,
      "b": 24,
      "border_px": 288,
      "dir_contact": {
        "4": {
          "n": 94,
          "e": 12,
          "s": 0,
          "w": 38
        },
        "24": {
          "n": 0,
          "e": 38,
          "s": 94,
          "w": 12
        }
      },
      "centroid_delta": {
        "dx_b_minus_a": -172.95907373400598,
        "dy_b_minus_a": -70.44199929347496
      }
    },
    {
      "a": 5,
      "b": 27,
      "border_px": 910,
      "dir_contact": {
        "5": {
          "n": 74,
          "e": 258,
          "s": 122,
          "w": 1
        },
        "27": {
          "n": 122,
          "e": 1,
          "s": 74,
          "w": 258
        }
      },
      "centroid_delta": {
        "dx_b_minus_a": 68.11923424512061,
        "dy_b_minus_a": 34.08750178918484
      }
    },
    {
      "a": 5,
      "b": 28,
      "border_px": 158,
      "dir_contact": {
        "5": {
          "n": 8,
          "e": 26,
          "s": 28,
          "w": 17
        },
        "28": {
          "n": 28,
          "e": 17,
          "s": 8,
          "w": 26
        }
      },
      "centroid_delta": {
        "dx_b_minus_a": 110.38785970717714,
        "dy_b_minus_a": 298.55383795472096
      }
    },
    {
      "a": 5,
      "b": 30,
      "border_px": 74,
      "dir_contact": {
        "5": {
          "n": 24,
          "e": 10,
          "s": 0,
          "w": 3
        },
        "30": {
          "n": 0,
          "e": 3,
          "s": 24,
          "w": 10
        }
      },
      "centroid_delta": {
        "dx_b_minus_a": 258.1852369780689,
        "dy_b_minus_a": -221.07390387829906
      }
    },
    {
      "a": 6,
      "b": 27,
      "border_px": 288,
      "dir_contact": {
        "6": {
          "n": 19,
          "e": 34,
          "s": 37,
          "w": 54
        },
        "27": {
          "n": 37,
          "e": 54,
          "s": 19,
          "w": 34
        }
      },
      "centroid_delta": {
        "dx_b_minus_a": -33.86909452038789,
        "dy_b_minus_a": 49.83233263231688
      }
    },
    {
      "a": 6,
      "b": 30,
      "border_px": 156,
      "dir_contact": {
        "6": {
          "n": 26,
          "e": 32,
          "s": 8,
          "w": 12
        },
        "30": {
          "n": 8,
          "e": 12,
          "s": 26,
          "w": 32
        }
      },
      "centroid_delta": {
        "dx_b_minus_a": 156.19690821256037,
        "dy_b_minus_a": -205.32907303516703
      }
    },
    {
      "a": 8,
      "b": 19,
      "border_px": 140,
      "dir_contact": {
        "8": {
          "n": 0,
          "e": 25,
          "s": 45,
          "w": 0
        },
        "19": {
          "n": 45,
          "e": 0,
          "s": 0,
          "w": 25
        }
      },
      "centroid_delta": {
        "dx_b_minus_a": 17.61112647174025,
        "dy_b_minus_a": 66.66873459136889
      }
    },
    {
      "a": 8,
      "b": 21,
      "border_px": 110,
      "dir_contact": {
        "8": {
          "n": 7,
          "e": 6,
          "s": 29,
          "w": 13
        },
        "21": {
          "n": 29,
          "e": 13,
          "s": 7,
          "w": 6
        }
      },
      "centroid_delta": {
        "dx_b_minus_a": -114.10171373926835,
        "dy_b_minus_a": 55.79155431884692
      }
    },
    {
      "a": 8,
      "b": 24,
      "border_px": 170,
      "dir_contact": {
        "8": {
          "n": 67,
          "e": 0,
          "s": 0,
          "w": 18
        },
        "24": {
          "n": 0,
          "e": 18,
          "s": 67,
          "w": 0
        }
      },
      "centroid_delta": {
        "dx_b_minus_a": -59.39151289460051,
        "dy_b_minus_a": -50.90520381614556
      }
    },
    {
      "a": 9,
      "b": 20,
      "border_px": 102,
      "dir_contact": {
        "9": {
          "n": 28,
          "e": 7,
          "s": 0,
          "w": 16
        },
        "20": {
          "n": 0,
          "e": 16,
          "s": 28,
          "w": 7
        }
      },
      "centroid_delta": {
        "dx_b_minus_a": -166.38367698784708,
        "dy_b_minus_a": 14.4665619925035
      }
    },
    {
      "a": 9,
      "b": 23,
      "border_px": 160,
      "dir_contact": {
        "9": {
          "n": 17,
          "e": 0,
          "s": 2,
          "w": 61
        },
        "23": {
          "n": 2,
          "e": 61,
          "s": 17,
          "w": 0
        }
      },
      "centroid_delta": {
        "dx_b_minus_a": -75.02703777869056,
        "dy_b_minus_a": 73.58062069956912
      }
    },
    {
      "a": 10,
      "b": 28,
      "border_px": 468,
      "dir_contact": {
        "10": {
          "n": 92,
          "e": 25,
          "s": 92,
          "w": 25
        },
        "28": {
          "n": 92,
          "e": 25,
          "s": 92,
          "w": 25
        }
      },
      "centroid_delta": {
        "dx_b_minus_a": -48.017081080189286,
        "dy_b_minus_a": -29.995292950780822
      }
    },
    {
      "a": 11,
      "b": 18,
      "border_px": 316,
      "dir_contact": {
        "11": {
          "n": 5,
          "e": 1,
          "s": 84,
          "w": 68
        },
        "18": {
          "n": 84,
          "e": 68,
          "s": 5,
          "w": 1
        }
      },
      "centroid_delta": {
        "dx_b_minus_a": -116.89125661907568,
        "dy_b_minus_a": 33.84977551115526
      }
    },
    {
      "a": 11,
      "b": 20,
      "border_px": 234,
      "dir_contact": {
        "11": {
          "n": 82,
          "e": 23,
          "s": 0,
          "w": 12
        },
        "20": {
          "n": 0,
          "e": 12,
          "s": 82,
          "w": 23
        }
      },
      "centroid_delta": {
        "dx_b_minus_a": 96.56711083032206,
        "dy_b_minus_a": -74.77692236583835
      }
    },
    {
      "a": 11,
      "b": 23,
      "border_px": 84,
      "dir_contact": {
        "11": {
          "n": 28,
          "e": 14,
          "s": 0,
          "w": 0
        },
        "23": {
          "n": 0,
          "e": 0,
          "s": 28,
          "w": 14
        }
      },
      "centroid_delta": {
        "dx_b_minus_a": 187.9237500394786,
        "dy_b_minus_a": -15.662863658772721
      }
    },
    {
      "a": 11,
      "b": 24,
      "border_px": 154,
      "dir_contact": {
        "11": {
          "n": 2,
          "e": 42,
          "s": 33,
          "w": 0
        },
        "24": {
          "n": 33,
          "e": 0,
          "s": 2,
          "w": 42
        }
      },
      "centroid_delta": {
        "dx_b_minus_a": 99.68948931214732,
        "dy_b_minus_a": 63.44237673535076
      }
    },
    {
      "a": 12,
      "b": 29,
      "border_px": 212,
      "dir_contact": {
        "12": {
          "n": 0,
          "e": 1,
          "s": 29,
          "w": 76
        },
        "29": {
          "n": 29,
          "e": 76,
          "s": 0,
          "w": 1
        }
      },
      "centroid_delta": {
        "dx_b_minus_a": -41.91557992492949,
        "dy_b_minus_a": 73.63169058229505
      }
    },
    {
      "a": 12,
      "b": 30,
      "border_px": 518,
      "dir_contact": {
        "12": {
          "n": 93,
          "e": 0,
          "s": 5,
          "w": 161
        },
        "30": {
          "n": 5,
          "e": 161,
          "s": 93,
          "w": 0
        }
      },
      "centroid_delta": {
        "dx_b_minus_a": -352.02696212724754,
        "dy_b_minus_a": -54.205122080912005
      }
    },
    {
      "a": 13,
      "b": 19,
      "border_px": 350,
      "dir_contact": {
        "13": {
          "n": 129,
          "e": 32,
          "s": 0,
          "w": 14
        },
        "19": {
          "n": 0,
          "e": 14,
          "s": 129,
          "w": 32
        }
      },
      "centroid_delta": {
        "dx_b_minus_a": 77.6618802635067,
        "dy_b_minus_a": -73.1232679174691
      }
    },
    {
      "a": 13,
      "b": 21,
      "border_px": 136,
      "dir_contact": {
        "13": {
          "n": 43,
          "e": 8,
          "s": 0,
          "w": 17
        },
        "21": {
          "n": 0,
          "e": 17,
          "s": 43,
          "w": 8
        }
      },
      "centroid_delta": {
        "dx_b_minus_a": -54.050959947501894,
        "dy_b_minus_a": -84.00044818999106
      }
    },
    {
      "a": 13,
      "b": 28,
      "border_px": 70,
      "dir_contact": {
        "13": {
          "n": 18,
          "e": 0,
          "s": 0,
          "w": 17
        },
        "28": {
          "n": 0,
          "e": 17,
          "s": 18,
          "w": 0
        }
      },
      "centroid_delta": {
        "dx_b_minus_a": -305.83962517647484,
        "dy_b_minus_a": -86.06869407134536
      }
    },
    {
      "a": 14,
      "b": 18,
      "border_px": 518,
      "dir_contact": {
        "14": {
          "n": 13,
          "e": 86,
          "s": 152,
          "w": 8
        },
        "18": {
          "n": 152,
          "e": 8,
          "s": 13,
          "w": 86
        }
      },
      "centroid_delta": {
        "dx_b_minus_a": 71.57938054228521,
        "dy_b_minus_a": 67.0088595898435
      }
    },
    {
      "a": 14,
      "b": 25,
      "border_px": 280,
      "dir_contact": {
        "14": {
          "n": 58,
          "e": 76,
          "s": 4,
          "w": 2
        },
        "25": {
          "n": 4,
          "e": 2,
          "s": 58,
          "w": 76
        }
      },
      "centroid_delta": {
        "dx_b_minus_a": 113.8499027129869,
        "dy_b_minus_a": -99.28553072832602
      }
    },
    {
      "a": 14,
      "b": 27,
      "border_px": 562,
      "dir_contact": {
        "14": {
          "n": 125,
          "e": 16,
          "s": 23,
          "w": 117
        },
        "27": {
          "n": 23,
          "e": 117,
          "s": 125,
          "w": 16
        }
      },
      "centroid_delta": {
        "dx_b_minus_a": -60.60736506218912,
        "dy_b_minus_a": -63.23636309785894
      }
    },
    {
      "a": 14,
      "b": 34,
      "border_px": 264,
      "dir_contact": {
        "14": {
          "n": 32,
          "e": 0,
          "s": 49,
          "w": 51
        },
        "34": {
          "n": 49,
          "e": 51,
          "s": 32,
          "w": 0
        }
      },
      "centroid_delta": {
        "dx_b_minus_a": -87.87652731447496,
        "dy_b_minus_a": 72.18605692000085
      }
    },
    {
      "a": 15,
      "b": 25,
      "border_px": 492,
      "dir_contact": {
        "15": {
          "n": 0,
          "e": 127,
          "s": 112,
          "w": 7
        },
        "25": {
          "n": 112,
          "e": 7,
          "s": 0,
          "w": 127
        }
      },
      "centroid_delta": {
        "dx_b_minus_a": 37.01204065810305,
        "dy_b_minus_a": 111.87636021363616
      }
    },
    {
      "a": 15,
      "b": 27,
      "border_px": 68,
      "dir_contact": {
        "15": {
          "n": 0,
          "e": 0,
          "s": 15,
          "w": 19
        },
        "27": {
          "n": 15,
          "e": 19,
          "s": 0,
          "w": 0
        }
      },
      "centroid_delta": {
        "dx_b_minus_a": -137.445227117073,
        "dy_b_minus_a": 147.92552784410324
      }
    },
    {
      "a": 15,
      "b": 30,
      "border_px": 956,
      "dir_contact": {
        "15": {
          "n": 163,
          "e": 89,
          "s": 36,
          "w": 190
        },
        "30": {
          "n": 36,
          "e": 190,
          "s": 163,
          "w": 89
        }
      },
      "centroid_delta": {
        "dx_b_minus_a": 52.62077561587529,
        "dy_b_minus_a": -107.23587782338065
      }
    },
    {
      "a": 16,
      "b": 26,
      "border_px": 210,
      "dir_contact": {
        "16": {
          "n": 6,
          "e": 0,
          "s": 57,
          "w": 42
        },
        "26": {
          "n": 57,
          "e": 42,
          "s": 6,
          "w": 0
        }
      },
      "centroid_delta": {
        "dx_b_minus_a": -66.88363071714917,
        "dy_b_minus_a": 35.846452399770925
      }
    },
    {
      "a": 16,
      "b": 31,
      "border_px": 160,
      "dir_contact": {
        "16": {
          "n": 14,
          "e": 62,
          "s": 4,
          "w": 0
        },
        "31": {
          "n": 4,
          "e": 0,
          "s": 14,
          "w": 62
        }
      },
      "centroid_delta": {
        "dx_b_minus_a": 74.85123668292141,
        "dy_b_minus_a": 37.495208569185166
      }
    },
    {
      "a": 16,
      "b": 32,
      "border_px": 194,
      "dir_contact": {
        "16": {
          "n": 47,
          "e": 12,
          "s": 6,
          "w": 32
        },
        "32": {
          "n": 6,
          "e": 32,
          "s": 47,
          "w": 12
        }
      },
      "centroid_delta": {
        "dx_b_minus_a": -66.62686449419306,
        "dy_b_minus_a": -59.5742186062335
      }
    },
    {
      "a": 17,
      "b": 30,
      "border_px": 540,
      "dir_contact": {
        "17": {
          "n": 63,
          "e": 72,
          "s": 63,
          "w": 72
        },
        "30": {
          "n": 63,
          "e": 72,
          "s": 63,
          "w": 72
        }
      },
      "centroid_delta": {
        "dx_b_minus_a": -180.55201230938508,
        "dy_b_minus_a": -4.862874933150394
      }
    },
    {
      "a": 18,
      "b": 20,
      "border_px": 46,
      "dir_contact": {
        "18": {
          "n": 9,
          "e": 14,
          "s": 0,
          "w": 0
        },
        "20": {
          "n": 0,
          "e": 0,
          "s": 9,
          "w": 14
        }
      },
      "centroid_delta": {
        "dx_b_minus_a": 213.45836744939774,
        "dy_b_minus_a": -108.6266978769936
      }
    },
    {
      "a": 18,
      "b": 24,
      "border_px": 348,
      "dir_contact": {
        "18": {
          "n": 16,
          "e": 73,
          "s": 83,
          "w": 2
        },
        "24": {
          "n": 83,
          "e": 2,
          "s": 16,
          "w": 73
        }
      },
      "centroid_delta": {
        "dx_b_minus_a": 216.580745931223,
        "dy_b_minus_a": 29.592601224195505
      }
    },
    {
      "a": 18,
      "b": 25,
      "border_px": 144,
      "dir_contact": {
        "18": {
          "n": 53,
          "e": 0,
          "s": 0,
          "w": 19
        },
        "25": {
          "n": 0,
          "e": 19,
          "s": 53,
          "w": 0
        }
      },
      "centroid_delta": {
        "dx_b_minus_a": 42.270522170701696,
        "dy_b_minus_a": -166.29439031816952
      }
    },
    {
      "a": 18,
      "b": 28,
      "border_px": 536,
      "dir_contact": {
        "18": {
          "n": 0,
          "e": 2,
          "s": 219,
          "w": 47
        },
        "28": {
          "n": 219,
          "e": 47,
          "s": 0,
          "w": 2
        }
      },
      "centroid_delta": {
        "dx_b_minus_a": -89.91812014241779,
        "dy_b_minus_a": 134.22111347783368
      }
    },
    {
      "a": 18,
      "b": 34,
      "border_px": 32,
      "dir_contact": {
        "18": {
          "n": 6,
          "e": 0,
          "s": 0,
          "w": 10
        },
        "34": {
          "n": 0,
          "e": 10,
          "s": 6,
          "w": 0
        }
      },
      "centroid_delta": {
        "dx_b_minus_a": -159.45590785676018,
        "dy_b_minus_a": 5.177197330157355
      }
    },
    {
      "a": 19,
      "b": 21,
      "border_px": 460,
      "dir_contact": {
        "19": {
          "n": 103,
          "e": 0,
          "s": 13,
          "w": 114
        },
        "21": {
          "n": 13,
          "e": 114,
          "s": 103,
          "w": 0
        }
      },
      "centroid_delta": {
        "dx_b_minus_a": -131.7128402110086,
        "dy_b_minus_a": -10.877180272521969
      }
    },
    {
      "a": 20,
      "b": 23,
      "border_px": 620,
      "dir_contact": {
        "20": {
          "n": 2,
          "e": 88,
          "s": 219,
          "w": 1
        },
        "23": {
          "n": 219,
          "e": 1,
          "s": 2,
          "w": 88
        }
      },
      "centroid_delta": {
        "dx_b_minus_a": 91.35663920915653,
        "dy_b_minus_a": 59.114058707065624
      }
    },
    {
      "a": 20,
      "b": 25,
      "border_px": 354,
      "dir_contact": {
        "20": {
          "n": 64,
          "e": 0,
          "s": 25,
          "w": 88
        },
        "25": {
          "n": 25,
          "e": 88,
          "s": 64,
          "w": 0
        }
      },
      "centroid_delta": {
        "dx_b_minus_a": -171.18784527869605,
        "dy_b_minus_a": -57.667692441175916
      }
    },
    {
      "a": 20,
      "b": 31,
      "border_px": 388,
      "dir_contact": {
        "20": {
          "n": 112,
          "e": 47,
          "s": 0,
          "w": 35
        },
        "31": {
          "n": 0,
          "e": 35,
          "s": 112,
          "w": 47
        }
      },
      "centroid_delta": {
        "dx_b_minus_a": 113.78263432300724,
        "dy_b_minus_a": -94.00445557995494
      }
    },
    {
      "a": 20,
      "b": 35,
      "border_px": 584,
      "dir_contact": {
        "20": {
          "n": 192,
          "e": 42,
          "s": 5,
          "w": 53
        },
        "35": {
          "n": 5,
          "e": 53,
          "s": 192,
          "w": 42
        }
      },
      "centroid_delta": {
        "dx_b_minus_a": -19.81496285741764,
        "dy_b_minus_a": -45.652162576792875
      }
    },
    {
      "a": 21,
      "b": 24,
      "border_px": 390,
      "dir_contact": {
        "21": {
          "n": 170,
          "e": 16,
          "s": 0,
          "w": 9
        },
        "24": {
          "n": 0,
          "e": 9,
          "s": 170,
          "w": 16
        }
      },
      "centroid_delta": {
        "dx_b_minus_a": 54.71020084466784,
        "dy_b_minus_a": -106.69675813499248
      }
    },
    {
      "a": 21,
      "b": 28,
      "border_px": 540,
      "dir_contact": {
        "21": {
          "n": 31,
          "e": 6,
          "s": 90,
          "w": 143
        },
        "28": {
          "n": 90,
          "e": 143,
          "s": 31,
          "w": 6
        }
      },
      "centroid_delta": {
        "dx_b_minus_a": -251.78866522897295,
        "dy_b_minus_a": -2.0682458813543008
      }
    },
    {
      "a": 22,
      "b": 28,
      "border_px": 196,
      "dir_contact": {
        "22": {
          "n": 31,
          "e": 18,
          "s": 31,
          "w": 18
        },
        "28": {
          "n": 31,
          "e": 18,
          "s": 31,
          "w": 18
        }
      },
      "centroid_delta": {
        "dx_b_minus_a": 11.488355881716615,
        "dy_b_minus_a": -50.34378923572012
      }
    },
    {
      "a": 23,
      "b": 24,
      "border_px": 656,
      "dir_contact": {
        "23": {
          "n": 0,
          "e": 7,
          "s": 235,
          "w": 86
        },
        "24": {
          "n": 235,
          "e": 86,
          "s": 0,
          "w": 7
        }
      },
      "centroid_delta": {
        "dx_b_minus_a": -88.23426072733128,
        "dy_b_minus_a": 79.10524039412348
      }
    },
    {
      "a": 24,
      "b": 28,
      "border_px": 10,
      "dir_contact": {
        "24": {
          "n": 0,
          "e": 0,
          "s": 2,
          "w": 3
        },
        "28": {
          "n": 2,
          "e": 3,
          "s": 0,
          "w": 0
        }
      },
      "centroid_delta": {
        "dx_b_minus_a": -306.4988660736408,
        "dy_b_minus_a": 104.62851225363818
      }
    },
    {
      "a": 25,
      "b": 26,
      "border_px": 122,
      "dir_contact": {
        "25": {
          "n": 10,
          "e": 48,
          "s": 3,
          "w": 0
        },
        "26": {
          "n": 3,
          "e": 0,
          "s": 10,
          "w": 48
        }
      },
      "centroid_delta": {
        "dx_b_minus_a": 143.2356122016327,
        "dy_b_minus_a": -37.98551930819326
      }
    },
    {
      "a": 25,
      "b": 27,
      "border_px": 122,
      "dir_contact": {
        "25": {
          "n": 11,
          "e": 0,
          "s": 2,
          "w": 48
        },
        "27": {
          "n": 2,
          "e": 48,
          "s": 11,
          "w": 0
        }
      },
      "centroid_delta": {
        "dx_b_minus_a": -174.45726777517604,
        "dy_b_minus_a": 36.04916763046708
      }
    },
    {
      "a": 25,
      "b": 30,
      "border_px": 8,
      "dir_contact": {
        "25": {
          "n": 4,
          "e": 0,
          "s": 0,
          "w": 0
        },
        "30": {
          "n": 0,
          "e": 0,
          "s": 4,
          "w": 0
        }
      },
      "centroid_delta": {
        "dx_b_minus_a": 15.608734957772242,
        "dy_b_minus_a": -219.11223803701682
      }
    },
    {
      "a": 25,
      "b": 32,
      "border_px": 226,
      "dir_contact": {
        "25": {
          "n": 37,
          "e": 76,
          "s": 0,
          "w": 0
        },
        "32": {
          "n": 0,
          "e": 0,
          "s": 37,
          "w": 76
        }
      },
      "centroid_delta": {
        "dx_b_minus_a": 143.49237842458882,
        "dy_b_minus_a": -133.4061903141977
      }
    },
    {
      "a": 25,
      "b": 35,
      "border_px": 152,
      "dir_contact": {
        "25": {
          "n": 18,
          "e": 14,
          "s": 41,
          "w": 3
        },
        "35": {
          "n": 41,
          "e": 3,
          "s": 18,
          "w": 14
        }
      },
      "centroid_delta": {
        "dx_b_minus_a": 151.3728824212784,
        "dy_b_minus_a": 12.01552986438304
      }
    },
    {
      "a": 26,
      "b": 31,
      "border_px": 36,
      "dir_contact": {
        "26": {
          "n": 0,
          "e": 17,
          "s": 1,
          "w": 0
        },
        "31": {
          "n": 1,
          "e": 0,
          "s": 0,
          "w": 17
        }
      },
      "centroid_delta": {
        "dx_b_minus_a": 141.73486740007058,
        "dy_b_minus_a": 1.6487561694142414
      }
    },
    {
      "a": 26,
      "b": 32,
      "border_px": 364,
      "dir_contact": {
        "26": {
          "n": 118,
          "e": 23,
          "s": 0,
          "w": 41
        },
        "32": {
          "n": 0,
          "e": 41,
          "s": 118,
          "w": 23
        }
      },
      "centroid_delta": {
        "dx_b_minus_a": 0.2567662229561165,
        "dy_b_minus_a": -95.42067100600443
      }
    },
    {
      "a": 26,
      "b": 35,
      "border_px": 418,
      "dir_contact": {
        "26": {
          "n": 0,
          "e": 30,
          "s": 156,
          "w": 23
        },
        "35": {
          "n": 156,
          "e": 23,
          "s": 0,
          "w": 30
        }
      },
      "centroid_delta": {
        "dx_b_minus_a": 8.1372702196457,
        "dy_b_minus_a": 50.0010491725763
      }
    },
    {
      "a": 27,
      "b": 28,
      "border_px": 156,
      "dir_contact": {
        "27": {
          "n": 0,
          "e": 14,
          "s": 41,
          "w": 23
        },
        "28": {
          "n": 41,
          "e": 23,
          "s": 0,
          "w": 14
        }
      },
      "centroid_delta": {
        "dx_b_minus_a": 42.268625462056534,
        "dy_b_minus_a": 264.4663361655361
      }
    },
    {
      "a": 27,
      "b": 30,
      "border_px": 466,
      "dir_contact": {
        "27": {
          "n": 109,
          "e": 90,
          "s": 13,
          "w": 21
        },
        "30": {
          "n": 13,
          "e": 21,
          "s": 109,
          "w": 90
        }
      },
      "centroid_delta": {
        "dx_b_minus_a": 190.06600273294828,
        "dy_b_minus_a": -255.1614056674839
      }
    },
    {
      "a": 27,
      "b": 34,
      "border_px": 126,
      "dir_contact": {
        "27": {
          "n": 0,
          "e": 24,
          "s": 39,
          "w": 0
        },
        "34": {
          "n": 39,
          "e": 0,
          "s": 0,
          "w": 24
        }
      },
      "centroid_delta": {
        "dx_b_minus_a": -27.269162252285838,
        "dy_b_minus_a": 135.4224200178598
      }
    },
    {
      "a": 28,
      "b": 34,
      "border_px": 294,
      "dir_contact": {
        "28": {
          "n": 72,
          "e": 45,
          "s": 22,
          "w": 8
        },
        "34": {
          "n": 22,
          "e": 8,
          "s": 72,
          "w": 45
        }
      },
      "centroid_delta": {
        "dx_b_minus_a": -69.53778771434237,
        "dy_b_minus_a": -129.04391614767633
      }
    },
    {
      "a": 29,
      "b": 30,
      "border_px": 148,
      "dir_contact": {
        "29": {
          "n": 24,
          "e": 0,
          "s": 10,
          "w": 40
        },
        "30": {
          "n": 10,
          "e": 40,
          "s": 24,
          "w": 0
        }
      },
      "centroid_delta": {
        "dx_b_minus_a": -310.11138220231805,
        "dy_b_minus_a": -127.83681266320706
      }
    },
    {
      "a": 29,
      "b": 31,
      "border_px": 144,
      "dir_contact": {
        "29": {
          "n": 0,
          "e": 0,
          "s": 41,
          "w": 31
        },
        "31": {
          "n": 41,
          "e": 31,
          "s": 0,
          "w": 0
        }
      },
      "centroid_delta": {
        "dx_b_minus_a": -40.74963755838701,
        "dy_b_minus_a": 54.93866223503073
      }
    },
    {
      "a": 29,
      "b": 33,
      "border_px": 46,
      "dir_contact": {
        "29": {
          "n": 1,
          "e": 0,
          "s": 1,
          "w": 21
        },
        "33": {
          "n": 1,
          "e": 21,
          "s": 1,
          "w": 0
        }
      },
      "centroid_delta": {
        "dx_b_minus_a": -47.69748872711466,
        "dy_b_minus_a": -14.981136252512613
      }
    },
    {
      "a": 30,
      "b": 32,
      "border_px": 906,
      "dir_contact": {
        "30": {
          "n": 16,
          "e": 109,
          "s": 237,
          "w": 91
        },
        "32": {
          "n": 237,
          "e": 91,
          "s": 16,
          "w": 109
        }
      },
      "centroid_delta": {
        "dx_b_minus_a": 127.88364346681658,
        "dy_b_minus_a": 85.70604772281912
      }
    },
    {
      "a": 30,
      "b": 33,
      "border_px": 274,
      "dir_contact": {
        "30": {
          "n": 9,
          "e": 8,
          "s": 59,
          "w": 61
        },
        "33": {
          "n": 59,
          "e": 61,
          "s": 9,
          "w": 8
        }
      },
      "centroid_delta": {
        "dx_b_minus_a": 262.4138934752034,
        "dy_b_minus_a": 112.85567641069444
      }
    },
    {
      "a": 31,
      "b": 32,
      "border_px": 60,
      "dir_contact": {
        "31": {
          "n": 25,
          "e": 0,
          "s": 0,
          "w": 5
        },
        "32": {
          "n": 0,
          "e": 5,
          "s": 25,
          "w": 0
        }
      },
      "centroid_delta": {
        "dx_b_minus_a": -141.47810117711447,
        "dy_b_minus_a": -97.06942717541867
      }
    },
    {
      "a": 31,
      "b": 33,
      "border_px": 146,
      "dir_contact": {
        "31": {
          "n": 50,
          "e": 23,
          "s": 0,
          "w": 0
        },
        "33": {
          "n": 0,
          "e": 0,
          "s": 50,
          "w": 23
        }
      },
      "centroid_delta": {
        "dx_b_minus_a": -6.947851168727652,
        "dy_b_minus_a": -69.91979848754335
      }
    },
    {
      "a": 31,
      "b": 35,
      "border_px": 4,
      "dir_contact": {
        "31": {
          "n": 0,
          "e": 0,
          "s": 0,
          "w": 2
        },
        "35": {
          "n": 0,
          "e": 2,
          "s": 0,
          "w": 0
        }
      },
      "centroid_delta": {
        "dx_b_minus_a": -133.59759718042488,
        "dy_b_minus_a": 48.35229300316206
      }
    },
    {
      "a": 32,
      "b": 33,
      "border_px": 146,
      "dir_contact": {
        "32": {
          "n": 11,
          "e": 51,
          "s": 11,
          "w": 0
        },
        "33": {
          "n": 11,
          "e": 0,
          "s": 11,
          "w": 51
        }
      },
      "centroid_delta": {
        "dx_b_minus_a": 134.53025000838682,
        "dy_b_minus_a": 27.14962868787532
      }
    }
  ],
  "notes": {
    "adjacency_definition": "Two regions are adjacent if they share at least one 4-neighborhood boundary edge.",
    "border_px_definition": "Total number of 4-neighborhood boundary edges between the two regions (both directions aggregated).",
    "dir_contact_definition": "For region R, dir_contact[R][d] counts boundary edges where the adjacent pixel in the other region lies in direction d (n/e/s/w) from the R pixel.",
    "centroid_delta_definition": "dx/dy from a->b centroids, positive dx means b is east of a; positive dy means b is south of a."
  }
}